{"phones": ["aa", "c0", "cc", "ch", "ee", "h0", "ii", "k0", "kf", "kh", "kk", "ll", "mf", "mm", "nf", "ng", "nn", "oo", "p0", "pf", "ph", "pp", "qq", "rr", "s0", "ss", "t0", "tf", "th", "tt", "uu", "vv", "wa", "we", "wi", "wo", "wq", "wv", "xi", "xx", "ya", "ye", "yo", "yq", "yu", "yv"], "version": "2.0.6", "architecture": "gmm-hmm", "train_date": "2022-11-01 04:38:39.164306", "training": {"audio_duration": 46263.64618750082, "num_speakers": 1, "num_utterances": 12849, "num_oovs": 0, "average_log_likelihood": -0.012701289944877169}, "dictionaries": {"names": ["kss-lexicon"], "default": "kss-lexicon", "silence_word": "<eps>", "use_g2p": false, "oov_word": "<unk>", "bracketed_word": "[bracketed]", "laughter_word": "[laughter]", "position_dependent_phones": true, "clitic_marker": "'"}, "features": {"type": "mfcc", "use_energy": false, "frame_shift": 10, "frame_length": 25, "snip_edges": true, "low_frequency": 20, "high_frequency": 7800, "sample_frequency": 16000, "allow_downsample": true, "allow_upsample": true, "uses_cmvn": true, "uses_deltas": true, "uses_voiced": false, "uses_splices": false, "uses_speaker_adaptation": true, "use_pitch": false, "min_f0": 50, "max_f0": 500, "delta_pitch": 0.005, "penalty_factor": 0.1}, "oov_phone": "spn", "optional_silence_phone": "sil", "phone_set_type": "UNKNOWN", "silence_probability": 0.38434395613128824, "initial_silence_probability": 0.38, "final_silence_correction": 2.32, "final_non_silence_correction": 0.01}