{"phones": ["a", "b", "c", "d", "d\u0292", "e", "f", "i", "j", "k", "l", "m", "m\u02b2", "n", "o", "p", "s", "t", "ts", "t\u0283", "u", "v", "w", "y", "z", "\u00f8", "\u014b", "\u0153", "\u0251", "\u0251\u0303", "\u0254", "\u0254\u0303", "\u0259", "\u025b", "\u025b\u0303", "\u025f", "\u0261", "\u0265", "\u0272", "\u0281", "\u0283", "\u028e", "\u0292"], "version": "2.0.6", "architecture": "gmm-hmm", "train_date": "2022-11-01 03:08:19.413773", "features": {"type": "mfcc", "use_energy": false, "frame_shift": 10, "frame_length": 25, "snip_edges": true, "low_frequency": 20, "high_frequency": 7800, "sample_frequency": 16000, "allow_downsample": true, "allow_upsample": true, "uses_cmvn": true, "uses_deltas": false, "uses_voiced": false, "uses_splices": true, "uses_speaker_adaptation": true, "use_pitch": true, "min_f0": 50, "max_f0": 500, "delta_pitch": 0.005, "penalty_factor": 0.1, "splice_left_context": 3, "splice_right_context": 3}, "phone_set_type": "IPA"}