{"phones": ["a", "b", "c", "d\u032a", "e", "f", "i", "j", "k", "l", "m", "n", "o", "p", "r", "s", "t\u0283", "t\u032a", "u", "w", "x", "\u00e7", "\u00f0", "\u014b", "\u025f", "\u025f\u029d", "\u0261", "\u0263", "\u0272", "\u027e", "\u0283", "\u028e", "\u029d", "\u03b2", "\u03b8"], "version": "2.0.6", "architecture": "gmm-hmm", "train_date": "2022-11-01 03:26:13.159633", "features": {"type": "mfcc", "use_energy": false, "frame_shift": 10, "frame_length": 25, "snip_edges": true, "low_frequency": 20, "high_frequency": 7800, "sample_frequency": 16000, "allow_downsample": true, "allow_upsample": true, "uses_cmvn": true, "uses_deltas": false, "uses_voiced": false, "uses_splices": true, "uses_speaker_adaptation": true, "use_pitch": true, "min_f0": 50, "max_f0": 500, "delta_pitch": 0.005, "penalty_factor": 0.1, "splice_left_context": 3, "splice_right_context": 3}, "phone_set_type": "IPA"}