{"phones": ["a", "aj", "aw", "a\u02d0", "b", "c", "c\u02b0", "d", "e", "e\u02d0", "f", "h", "i", "i\u02d0", "j", "k", "k\u02b0", "l", "l\u0329", "m", "m\u0329", "n", "n\u0329", "o", "o\u02d0", "p", "pf", "p\u02b0", "s", "t", "ts", "t\u0283", "t\u02b0", "u", "u\u02d0", "v", "x", "y", "y\u02d0", "z", "\u00e7", "\u00f8", "\u00f8\u02d0", "\u014b", "\u0153", "\u0250", "\u0254", "\u0254\u028f", "\u0259", "\u025b", "\u025f", "\u0261", "\u026a", "\u0272", "\u0281", "\u0283", "\u028a", "\u028f"], "version": "2.0.6", "architecture": "gmm-hmm", "train_date": "2022-11-01 04:50:27.246015", "features": {"type": "mfcc", "use_energy": false, "frame_shift": 10, "frame_length": 25, "snip_edges": true, "low_frequency": 20, "high_frequency": 7800, "sample_frequency": 16000, "allow_downsample": true, "allow_upsample": true, "uses_cmvn": true, "uses_deltas": false, "uses_voiced": false, "uses_splices": true, "uses_speaker_adaptation": true, "use_pitch": true, "min_f0": 50, "max_f0": 500, "delta_pitch": 0.005, "penalty_factor": 0.1, "splice_left_context": 3, "splice_right_context": 3}, "phone_set_type": "IPA"}