{"phones": ["a", "aj", "aw", "aː", "b", "c", "cʰ", "d", "eː", "f", "h", "iː", "j", "k", "kʰ", "l", "l̩", "m", "m̩", "n", "n̩", "oː", "p", "pf", "pʰ", "s", "t", "ts", "tʃ", "tʰ", "uː", "v", "x", "yː", "z", "ç", "øː", "ŋ", "œ", "ɐ", "ɔ", "ɔʏ", "ə", "ɛ", "ɟ", "ɡ", "ɪ", "ɲ", "ʁ", "ʃ", "ʊ", "ʏ"], "phone_groups": {"a": ["a"], "aj": ["aj"], "aw": ["aw"], "aː": ["aː"], "b": ["b"], "c": ["c"], "cʰ": ["cʰ"], "d": ["d"], "eː": ["eː"], "f": ["f"], "h": ["h"], "iː": ["iː"], "j": ["j"], "k": ["k"], "kʰ": ["kʰ"], "l": ["l"], "l̩": ["l̩"], "m": ["m"], "m̩": ["m̩"], "n": ["n"], "n̩": ["n̩"], "oː": ["oː"], "p": ["p"], "pf": ["pf"], "pʰ": ["pʰ"], "s": ["s"], "t": ["t"], "ts": ["ts"], "tʃ": ["tʃ"], "tʰ": ["tʰ"], "uː": ["uː"], "v": ["v"], "x": ["x"], "yː": ["yː"], "z": ["z"], "ç": ["ç"], "øː": ["øː"], "ŋ": ["ŋ"], "œ": ["œ"], "ɐ": ["ɐ"], "ɔ": ["ɔ"], "ɔʏ": ["ɔʏ"], "ə": ["ə"], "ɛ": ["ɛ"], "ɟ": ["ɟ"], "ɡ": ["ɡ"], "ɪ": ["ɪ"], "ɲ": ["ɲ"], "ʁ": ["ʁ"], "ʃ": ["ʃ"], "ʊ": ["ʊ"], "ʏ": ["ʏ"]}, "version": "2.2.15", "architecture": "gmm-hmm", "train_date": "2023-09-15 06:37:14.712109", "training": {"audio_duration": 57784.692312500054, "num_speakers": 1, "num_utterances": 7390, "num_oovs": 0, "average_log_likelihood": -0.006156380899232051}, "dictionaries": {"names": ["lexicon"], "default": "lexicon", "silence_word": "<eps>", "use_g2p": false, "oov_word": "<unk>", "bracketed_word": "[bracketed]", "laughter_word": "[laughter]", "clitic_marker": "'", "position_dependent_phones": false}, "features": {"type": "mfcc", "use_energy": false, "frame_shift": 10, "frame_length": 25, "snip_edges": true, "low_frequency": 20, "high_frequency": 7800, "sample_frequency": 16000, "allow_downsample": true, "allow_upsample": true, "dither": 1, "energy_floor": 0, "num_coefficients": 13, "num_mel_bins": 23, "cepstral_lifter": 22, "preemphasis_coefficient": 0.97, "uses_cmvn": true, "uses_deltas": true, "uses_voiced": false, "uses_splices": false, "uses_speaker_adaptation": true, "use_pitch": false, "use_voicing": false, "min_f0": 50, "max_f0": 800, "delta_pitch": 0.005, "penalty_factor": 0.1, "silence_weight": 0.0, "splice_left_context": 3, "splice_right_context": 3}, "oov_phone": "spn", "optional_silence_phone": "sil", "phone_set_type": "UNKNOWN", "silence_probability": 0.2, "initial_silence_probability": 0.2, "final_silence_correction": 0.99, "final_non_silence_correction": 0.05}